date,open,close,high,low,volume
2022-06-06,108.27,105.65,109.57,104.225,96555037.0
2022-06-03,105.8,106.3,109.39,104.65,108215108.0
2022-06-02,100.78,108.59,109.5,100.78,120936490.0
2022-06-01,102.13,101.22,103.57,99.55,99330284.0
2022-05-31,102.43,101.86,104.55,100.04,125107089.0
2022-05-27,100.14,102.26,102.4,99.38,104016894.0
2022-05-26,91.34,98.75,100.33,90.74,128801553.0
2022-05-25,90.425,92.65,93.89,89.52,109891886.0
2022-05-24,92.54,91.16,93.42,89.62,123260536.0
2022-05-23,91.66,95.07,95.19,90.92,128717136.0
2022-05-20,98.385,93.5,98.64,88.26,163811745.0
2022-05-19,96.69,96.67,100.69,95.09,141469676.0
2022-05-18,100.0,96.28,104.22,95.71,142544074.0
2022-05-17,97.88,102.47,103.2,97.54,164192482.0
2022-05-16,93.86,94.24,98.169,93.0801,131037062.0
2022-05-13,88.3,95.12,96.57,88.22,137832209.0
2022-05-12,86.6,87.06,88.55,83.27,129129102.0
2022-05-11,87.84,87.92,93.46,86.53,136103360.0
2022-05-10,89.18,88.73,90.7721,85.41,137206213.0
2022-05-09,92.865,86.36,93.74,85.38,144463067.0
2022-05-06,94.34,95.34,98.18,92.65,144256121.0
2022-05-05,97.65,93.87,97.84,92.17,153106893.0
2022-05-04,98.18,99.42,99.69,91.7,225337913.0
2022-05-03,89.85,91.13,92.21,89.01,119243939.0
2022-05-02,85.655,89.84,90.37,85.3201,97456870.0
2022-04-29,88.05,85.52,91.79,85.38,82622580.0
2022-04-28,86.67,89.64,90.58,84.78,89849576.0
2022-04-27,84.25,84.91,87.9,84.02,83088638.0
2022-04-26,89.74,85.16,90.12,85.08,89050324.0
2022-04-25,89.86,90.69,91.37,88.61,93176538.0
2022-04-22,90.03,88.14,91.46,87.935,74009453.0
2022-04-21,95.16,89.85,96.23,89.24,76458100.0
2022-04-20,97.84,94.02,97.91,93.2,62491938.0
2022-04-19,93.385,96.93,97.07,92.84,77071868.0
2022-04-18,92.03,93.89,95.16,91.64,80564047.0
2022-04-14,98.37,93.06,98.39,92.92,73055186.0
2022-04-13,95.3,97.74,98.33,94.71,77550226.0
2022-04-12,98.78,95.1,99.59,94.6,88926830.0
2022-04-11,98.6,97.37,98.67,95.94,95530108.0
2022-04-08,102.51,101.0,102.99,100.4205,92730748.0
2022-04-07,103.92,103.72,105.24,100.91,91864744.0
2022-04-06,104.45,103.67,105.744,101.7106,105216598.0
2022-04-05,109.685,106.82,110.48,106.05,79502759.0
2022-04-04,109.97,110.53,110.9391,107.03,89979070.0
2022-04-01,110.48,108.19,111.42,106.102,111857432.0
2022-03-31,116.31,109.34,116.38,109.02,146980178.0
2022-03-30,123.04,119.22,125.67,118.59,99451722.0
2022-03-29,122.28,123.23,123.71,119.59,93799521.0
2022-03-28,117.7,120.24,120.41,116.71,92946820.0
2022-03-25,119.915,119.67,121.4,117.2533,95836251.0
2022-03-24,114.96,120.53,120.55,113.71,121577519.0
2022-03-23,114.29,113.92,117.55,112.21,90565220.0
2022-03-22,115.43,114.78,117.95,113.81,101346493.0
2022-03-21,113.73,115.92,117.57,112.54,101879340.0
2022-03-18,111.28,113.46,114.93,110.55,105544430.0
2022-03-17,112.14,111.69,114.27,109.71,102713827.0
2022-03-16,111.6,115.37,115.42,109.89,113657676.0
2022-03-15,102.66,109.33,109.69,101.79,112403225.0
2022-03-14,102.99,102.25,105.2397,101.04,89717351.0
2022-03-11,108.13,104.29,108.19,104.08,87572571.0
2022-03-10,108.89,106.46,109.07,103.07,102525006.0
2022-03-09,108.41,111.05,111.71,106.85,102264193.0
2022-03-08,102.81,105.53,109.9,100.08,135327124.0
2022-03-07,108.53,102.95,109.53,102.82,92540806.0
2022-03-04,112.0,108.41,113.0,106.81,100518172.0
2022-03-03,118.13,111.98,118.26,111.05,123924669.0
2022-03-02,115.47,118.28,119.48,113.31,118332380.0
2022-03-01,122.33,113.83,122.43,112.8,126487900.0
2022-02-28,120.31,123.34,124.61,119.2,124666265.0
2022-02-25,117.16,121.06,121.23,116.0421,127832233.0
2022-02-24,104.56,116.61,116.96,104.26,141585705.0
2022-02-23,117.4,109.76,118.65,109.04,117282471.0
2022-02-22,115.27,115.65,119.2,113.61,141077746.0
2022-02-18,113.9,113.83,115.635,109.89,113458339.0
2022-02-17,116.26,112.37,116.98,112.26,98187028.0
2022-02-16,119.05,117.69,119.54,114.22,119117961.0
2022-02-15,117.19,121.47,121.88,114.36,144152923.0
2022-02-14,115.51,114.27,118.37,113.46,135150320.0
2022-02-11,126.14,113.18,127.1699,111.81,164737585.0
2022-02-10,128.84,125.77,131.7589,124.61,108942191.0
2022-02-09,129.6,132.85,132.96,127.65,92948911.0
2022-02-08,122.38,128.23,128.705,122.05,84418907.0
2022-02-07,123.56,123.67,127.63,122.785,81680023.0
2022-02-04,120.34,123.6,124.96,118.58,85990482.0
2022-02-03,120.32,120.08,125.37,118.816,101923676.0
2022-02-02,129.89,122.76,130.06,120.64,180070066.0
2022-02-01,116.75,116.78,117.26,112.73,122479926.0
2022-01-31,107.93,114.25,114.31,106.9,97211100.0
2022-01-28,101.55,105.24,105.4,99.35,98081428.0
2022-01-27,111.96,102.6,112.75,101.94,125438891.0
2022-01-26,114.55,110.71,117.16,108.63,94343953.0
2022-01-25,114.1,111.13,114.82,109.86,83601512.0
2022-01-24,115.4,116.53,116.77,107.5,116305981.0
2022-01-21,120.14,118.81,125.02,118.39,95686905.0
2022-01-20,126.04,121.89,128.51,121.41,91161244.0
2022-01-19,133.55,128.27,134.57,128.02,69430427.0
2022-01-18,134.5,131.93,136.3893,131.59,56590374.0
2022-01-14,131.68,136.88,137.0,131.43,70446902.0
2022-01-13,139.44,132.74,141.25,131.81,76461234.0
2022-01-12,138.585,137.47,140.57,135.77,69670095.0
2022-01-11,133.45,137.31,138.99,131.59,77155842.0
2022-01-10,129.08,132.0,132.42,125.03,83750347.0
2022-01-07,136.28,132.0,137.44,131.13,58010485.0
2022-01-06,136.19,136.23,138.0,131.77,64588468.0
2022-01-05,142.815,136.15,143.76,135.29,65407538.0
2022-01-04,151.01,144.42,152.42,140.7,80207511.0
2022-01-03,145.135,150.24,151.65,145.02,59477789.0
2021-12-31,146.16,143.9,148.61,143.55,49450072.0
2021-12-30,147.44,145.15,148.85,144.85,44359437.0
2021-12-29,152.82,148.26,154.3399,147.29,51025471.0
2021-12-28,155.88,153.15,156.73,151.38,58700056.0
2021-12-27,147.51,154.36,154.89,147.25,53298028.0
2021-12-23,143.89,146.14,149.018,143.85,48653971.0
2021-12-22,142.65,143.88,144.5,140.27,46569440.0
2021-12-21,138.185,144.25,144.5,135.15,57785791.0
2021-12-20,135.97,135.8,138.26,133.52,38190481.0
2021-12-17,136.3,137.75,142.04,136.11,55465705.0
2021-12-16,147.0,138.64,147.93,137.02,63370713.0
2021-12-15,135.11,146.5,146.69,133.81,72416638.0
2021-12-14,131.67,135.6,137.24,130.6,50756072.0
2021-12-13,138.25,133.8,139.4,133.415,42174423.0
2021-12-10,141.29,138.55,141.365,135.82,42226690.0
2021-12-09,145.16,138.1,146.69,137.8,53020787.0
2021-12-08,144.96,145.24,147.04,142.7,40975618.0
2021-12-07,143.9,144.85,145.76,141.0001,53026110.0
2021-12-06,141.135,139.06,141.31,134.2,66761610.0
2021-12-03,151.645,144.01,152.38,140.72,65902583.0
2021-12-02,147.675,150.68,152.53,146.47,56006844.0
2021-12-01,160.37,149.11,160.88,148.92,64178260.0
2021-11-30,163.28,158.37,164.4599,155.6801,75163958.0
2021-11-29,157.5,161.91,162.505,156.1,57313003.0
2021-11-26,155.8,154.81,158.1,152.81,36246717.0
2021-11-24,149.46,157.8,157.93,147.19,60648573.0
2021-11-23,150.41,149.92,152.66,145.2996,62822041.0
2021-11-22,157.14,152.52,161.8799,152.39,58659119.0
2021-11-19,155.76,155.41,156.92,153.445,41668862.0
2021-11-18,157.07,155.02,158.89,152.56,60612733.0
2021-11-17,151.98,151.34,154.6599,149.69,54527482.0
2021-11-16,145.93,152.45,153.08,145.34,52946378.0
2021-11-15,148.0,146.49,148.98,142.86,52274068.0
2021-11-12,146.025,147.89,148.59,144.25,52149298.0
2021-11-11,142.955,146.01,146.47,140.84,67827757.0
2021-11-10,143.93,139.87,146.3,138.52,82908795.0
2021-11-09,154.01,148.92,155.65,143.89,98400642.0
2021-11-08,137.7,150.16,153.6,137.7,141417459.0
2021-11-05,139.185,136.34,141.22,134.42,64895846.0
2021-11-04,132.01,137.5,139.0,130.77,84796828.0
2021-11-03,127.75,130.53,130.6,126.7901,59502214.0
2021-11-02,124.98,127.63,128.455,124.2,52702363.0
2021-11-01,119.45,125.23,125.67,118.1301,55066890.0
2021-10-29,120.95,120.23,122.57,119.88,41648652.0
2021-10-28,122.855,121.16,123.5,120.26,58192411.0
2021-10-27,121.63,122.28,128.08,121.05,98533040.0
2021-10-26,122.99,122.93,127.2,122.5782,59674342.0
2021-10-25,120.515,122.36,123.4599,118.6,48069939.0
2021-10-22,120.825,119.82,121.56,118.37,39296267.0
2021-10-21,116.5,119.33,119.68,116.26,34851216.0
2021-10-20,116.29,116.39,118.3001,115.421,34366199.0
2021-10-19,116.16,116.33,117.17,114.47,39800061.0
2021-10-18,111.9,116.43,116.88,111.37,47559773.0
2021-10-15,112.505,112.12,112.835,111.11,34466596.0
2021-10-14,110.5,111.99,112.22,109.6301,47117596.0
2021-10-13,106.275,109.16,109.88,106.25,56141877.0
2021-10-12,105.165,105.04,106.04,104.34,34310950.0
2021-10-11,104.62,104.68,107.2,104.022,31529317.0
2021-10-08,106.55,105.06,107.28,104.89,30726298.0
2021-10-07,104.6,106.45,107.95,104.46,41586103.0
2021-10-06,100.445,103.64,103.72,100.35,39289113.0
2021-10-05,100.92,101.81,102.87,100.61,31708539.0
2021-10-04,101.742,100.34,101.85,99.82,41996715.0
2021-10-01,102.6,102.45,103.0,100.64,41709733.0
2021-09-30,102.08,102.9,104.44,101.99,57969575.0
2021-09-29,102.3,100.35,102.66,99.81,52626478.0
2021-09-28,106.84,101.52,107.65,101.42,75099945.0
2021-09-27,105.065,108.16,108.44,103.44,51948267.0
2021-09-24,105.19,105.8,106.05,104.68,26559752.0
2021-09-23,104.89,106.15,106.86,103.89,33057547.0
2021-09-22,102.82,104.38,104.56,102.21,34225333.0
2021-09-21,102.15,102.82,103.43,101.18,35684486.0
2021-09-20,101.58,101.55,102.51,99.51,45352810.0
2021-09-17,105.56,103.88,105.98,103.71,44801380.0
2021-09-16,104.92,106.22,106.75,103.76,38262226.0
2021-09-15,106.0,105.6,106.32,104.03,38357031.0
2021-09-14,105.52,105.73,106.82,104.42,40630559.0
2021-09-13,105.26,104.8,105.28,102.63,38015210.0
2021-09-10,106.99,105.2,106.99,104.98,32592719.0
2021-09-09,106.56,106.15,107.3,105.84,31455832.0
2021-09-08,108.88,106.17,109.3,105.52,43283413.0
2021-09-07,109.96,109.15,110.58,108.66,29005904.0
2021-09-03,108.85,109.92,111.17,108.5,42831263.0
2021-09-02,110.32,109.2,110.88,108.77,40429866.0
2021-09-01,111.3,109.99,111.85,109.85,38579247.0
2021-08-31,111.26,110.72,111.26,109.03,49608748.0
2021-08-30,112.61,111.32,114.49,111.26,56376626.0
2021-08-27,108.01,111.4,111.78,107.8,61186232.0
2021-08-26,108.57,107.27,109.23,106.84,51458448.0
2021-08-25,108.13,108.3,109.91,107.45,45763996.0
2021-08-24,109.45,107.65,109.61,107.28,51724895.0
2021-08-23,105.3,108.77,109.02,104.86,69207761.0
2021-08-20,104.32,104.65,105.98,103.99,55541635.0
2021-08-19,103.32,103.7,106.18,101.98,71098968.0
2021-08-18,107.35,103.44,108.07,103.27,79847737.0
2021-08-17,106.64,107.56,108.7,105.35,74429268.0
2021-08-16,110.2,107.48,111.58,105.87,73422394.0
2021-08-13,107.17,110.55,111.71,106.57,100290340.0
2021-08-12,107.39,106.5,108.44,105.86,61185097.0
2021-08-11,107.6,107.68,109.79,105.62,92057205.0
2021-08-10,107.9,106.48,109.17,104.36,113996317.0
2021-08-09,111.31,107.58,112.33,107.06,116090881.0
2021-08-06,110.55,110.11,116.26,109.7,143951526.0
2021-08-05,116.63,112.35,117.68,111.59,139071262.0
2021-08-04,114.36,118.77,122.49,114.16,158234616.0
2021-08-03,108.15,112.56,114.85,107.66,158234616.0
2021-08-02,105.93,108.63,110.33,103.83,116367683.0
2021-07-30,101.6,106.19,106.97,101.38,126107242.0
2021-07-29,96.58,102.95,105.74,96.58,164068809.0
2021-07-28,93.44,97.93,98.71,89.65,140841603.0
2021-07-27,92.94,91.03,94.1,89.1,66927157.0
2021-07-26,92.01,91.82,92.75,91.12,26687084.0
2021-07-23,91.35,92.15,92.37,90.19,31657249.0
2021-07-22,89.4,91.21,91.36,89.08,33825074.0
2021-07-21,87.25,89.41,89.49,86.9,29412710.0
2021-07-20,87.09,87.11,87.77,85.17,27469238.0
2021-07-19,84.99,86.58,87.23,84.24,39234512.0
2021-07-16,87.32,85.89,88.03,85.68,35918380.0
2021-07-15,89.78,86.93,89.78,86.18,38995182.0
2021-07-14,90.76,89.05,91.4,88.94,28146203.0
2021-07-13,90.48,90.26,91.41,89.83,30524129.0
2021-07-12,91.22,90.81,91.9,89.65,28614609.0
2021-07-09,90.04,90.9,91.26,88.53,35366221.0
2021-07-08,87.86,89.74,90.34,87.45,45719687.0
2021-07-07,95.02,90.54,95.44,90.31,51932874.0
2021-07-06,94.88,94.47,95.41,93.32,45317290.0
2021-07-02,93.28,94.7,95.27,92.21,51375439.0
2021-07-01,94.04,93.31,94.18,91.7,58550946.0
2021-06-30,90.82,93.93,94.34,90.6,71262831.0
2021-06-29,87.41,89.52,90.3,86.66,46436465.0
2021-06-28,86.38,87.08,88.0,86.15,30148475.0
2021-06-25,86.34,85.62,86.36,85.1,27945652.0
2021-06-24,84.39,86.1,87.14,84.37,42347616.0
2021-06-23,83.83,83.82,84.49,83.16,26027750.0
2021-06-22,82.9,83.58,84.04,82.48,32202323.0
2021-06-21,83.49,82.59,84.19,82.21,44690807.0
2021-06-18,84.28,84.65,85.77,83.48,58869236.0
2021-06-17,80.77,84.56,85.37,80.57,77949701.0
2021-06-16,80.75,80.11,81.45,78.96,29810403.0
2021-06-15,81.59,80.47,81.68,80.23,26213942.0
2021-06-14,81.51,81.55,81.55,80.2,27977915.0
2021-06-11,81.61,81.31,82.33,80.7,24305554.0
2021-06-10,80.02,81.56,81.71,79.7,28652665.0
2021-06-09,81.09,79.96,81.68,79.8,28342146.0
2021-06-08,81.87,80.89,82.65,80.45,26920947.0
2021-06-07,81.4,81.35,81.68,80.38,29091115.0
2021-06-04,80.92,81.58,82.19,80.81,26233238.0
2021-06-03,81.13,80.28,81.89,80.26,29891778.0
2021-06-02,81.0,81.97,82.6,80.66,35167668.0
2021-06-01,81.01,80.81,82.91,80.66,43474787.0
2021-05-28,78.66,80.08,81.09,78.66,41002406.0
2021-05-27,78.11,78.42,78.43,77.47,35832767.0
2021-05-26,77.83,78.34,78.59,77.59,30371815.0
2021-05-25,77.33,77.86,78.77,76.84,47619746.0
2021-05-24,77.26,77.44,78.01,76.8,33359277.0
2021-05-21,78.55,77.17,78.81,77.04,40474396.0
2021-05-20,76.81,78.06,78.27,76.25,49267415.0
2021-05-19,73.16,76.23,76.97,72.76,74014803.0
2021-05-18,74.74,74.44,75.77,74.24,32033523.0
2021-05-17,74.22,74.65,75.52,73.41,40640469.0
2021-05-14,74.02,74.59,75.03,72.72,38303554.0
2021-05-13,75.21,73.09,75.7,72.5,48900235.0
2021-05-12,75.09,74.64,76.13,74.16,42611308.0
2021-05-11,73.57,76.83,76.93,72.75,51105700.0
2021-05-10,78.2,75.99,78.3,75.92,45241790.0
2021-05-07,78.75,78.81,79.57,78.22,36948362.0
2021-05-06,77.63,77.89,78.06,76.47,38686128.0
2021-05-05,79.05,77.83,79.3,77.36,42534857.0
2021-05-04,77.95,78.61,78.67,77.04,59778802.0
2021-05-03,81.97,78.55,82.0,78.46,66357164.0
2021-04-30,82.97,81.62,84.1,81.42,46548837.0
2021-04-29,84.7,83.91,85.27,82.63,51559389.0
2021-04-28,88.85,84.02,89.2,83.92,109194023.0
2021-04-27,85.67,85.21,87.15,85.13,59602479.0
2021-04-26,83.35,85.41,85.9,82.7,57441477.0
2021-04-23,80.21,82.76,83.3,79.96,49360292.0
2021-04-22,81.61,79.06,81.79,78.59,38767752.0
2021-04-21,78.99,81.61,81.66,78.86,35199333.0
2021-04-20,80.82,79.27,81.11,78.51,35083205.0
2021-04-19,82.13,81.11,83.18,80.39,39336397.0
2021-04-16,83.3,82.15,83.59,81.53,47557630.0
2021-04-15,80.32,83.01,83.95,79.97,69326088.0
2021-04-14,79.879997,78.550003,80.129997,77.940002,34263800.0
2021-04-13,79.669998,80.190002,80.720001,78.980003,37767300.0
2021-04-12,82.059998,78.580002,82.18,78.029999,62098800.0
2021-04-09,82.800003,82.760002,83.589996,82.160004,32759900.0
2021-04-08,83.32,83.349998,83.790001,82.440002,41925300.0
2021-04-07,81.32,82.199997,83.099998,80.349998,35590900.0
2021-04-06,81.209999,81.440002,82.459999,80.879997,29327900.0
2021-04-05,81.739998,81.43,81.900002,80.389999,32610600.0
2021-04-01,80.160004,81.089996,81.309998,79.480003,40182400.0
2021-03-31,76.57,78.5,79.129997,76.519997,43659500.0
2021-03-30,76.470001,76.0,76.559998,74.849998,39169300.0
2021-03-29,77.029999,77.139999,78.019997,76.260002,37144300.0
2021-03-26,76.620003,77.410004,77.5,75.029999,49148700.0
2021-03-25,75.849998,76.220001,76.949997,74.959999,44735100.0
2021-03-24,77.550003,76.480003,78.800003,76.400002,43753600.0
2021-03-23,80.129997,78.379997,80.339996,77.949997,40466600.0
2021-03-22,79.989998,80.300003,81.269997,79.220001,39648600.0
2021-03-19,78.489998,79.059998,79.339996,77.589996,42283400.0
2021-03-18,81.059998,78.120003,81.620003,78.010002,51036500.0
2021-03-17,81.75,82.629997,83.25,80.410004,43320600.0
2021-03-16,83.660004,82.75,84.75,82.260002,42971600.0
2021-03-15,81.910004,82.5,83.389999,81.199997,39086800.0
2021-03-12,79.730003,81.050003,81.190002,79.230003,32938000.0
2021-03-11,79.400002,81.230003,81.889999,79.370003,43583700.0
2021-03-10,79.75,77.519997,80.040001,77.410004,45416600.0
2021-03-09,76.730003,78.529999,79.220001,75.769997,45088300.0
2021-03-08,78.029999,73.959999,79.0,73.860001,54563900.0
2021-03-05,79.0,78.519997,79.480003,74.199997,58548900.0
2021-03-04,80.230003,77.75,81.809998,76.779999,60549400.0
2021-03-03,84.279999,80.860001,84.379997,80.849998,43541000.0
2021-03-02,86.919998,84.129997,86.949997,84.040001,34828200.0
2021-03-01,85.370003,86.389999,86.5,83.970001,32746200.0
2021-02-26,83.57,84.510002,85.589996,82.910004,48962900.0
2021-02-25,86.169998,82.419998,87.089996,81.919998,54625100.0
2021-02-24,84.330002,86.940002,87.089996,82.809998,40821200.0
2021-02-23,83.400002,84.739998,85.110001,79.360001,49720900.0
2021-02-22,88.150002,85.370003,88.300003,85.209999,36930200.0
2021-02-19,89.75,89.580002,90.419998,88.690002,29548300.0
2021-02-18,89.089996,88.639999,89.599998,87.309998,35624900.0
2021-02-17,90.559998,89.940002,90.959999,88.57,32245500.0
2021-02-16,93.900002,91.459999,94.0,90.75,35105900.0
2021-02-12,92.75,93.769997,94.220001,91.900002,38538400.0
2021-02-11,92.900002,92.660004,93.650002,91.330002,35571000.0
2021-02-10,91.5,92.349998,93.269997,90.459999,42441300.0
2021-02-09,91.389999,90.910004,93.300003,90.550003,37596400.0
2021-02-08,88.309998,91.470001,91.989998,87.980003,47639900.0
2021-02-05,88.150002,87.900002,88.360001,86.879997,30268700.0
2021-02-04,88.220001,87.839996,88.599998,87.059998,30791600.0
2021-02-03,88.599998,87.889999,89.480003,87.339996,32312900.0
2021-02-02,88.489998,88.860001,89.279999,86.949997,33850000.0
2021-02-01,86.830002,87.660004,87.949997,84.660004,42359300.0
2021-01-29,87.559998,85.639999,88.330002,85.019997,56735800.0
2021-01-28,89.830002,87.519997,89.879997,87.300003,47048400.0
2021-01-27,91.099998,88.839996,91.879997,86.220001,73341200.0
2021-01-26,94.910004,94.709999,95.720001,93.629997,59449100.0
2021-01-25,94.139999,94.129997,95.739998,91.400002,55086900.0
2021-01-22,94.419998,92.790001,95.949997,91.879997,71294700.0
2021-01-21,89.339996,91.529999,92.07,88.43,54596100.0
2021-01-20,90.550003,88.75,90.779999,88.599998,35185800.0
2021-01-19,89.559998,89.449997,89.580002,87.239998,45115100.0
2021-01-15,90.75,88.209999,91.589996,87.860001,49243100.0
2021-01-14,91.769997,90.790001,92.360001,90.449997,53408200.0
2021-01-13,93.010002,91.779999,93.889999,90.839996,60712900.0
2021-01-12,97.860001,95.360001,98.970001,94.07,67672300.0
2021-01-11,94.029999,97.25,99.230003,93.760002,48669100.0
2021-01-08,95.980003,94.580002,96.400002,93.269997,39816400.0
2021-01-07,91.330002,95.160004,95.510002,91.199997,42897200.0
2021-01-06,91.620003,90.330002,92.279999,89.459999,51911700.0
2021-01-05,92.099998,92.769997,93.209999,91.410004,34208000.0
2021-01-04,92.110001,92.300003,96.059998,90.919998,51802600.0
2020-12-31,92.099998,91.709999,92.300003,90.870003,24920500.0
2020-12-30,90.779999,92.290001,92.849998,90.190002,25845000.0
2020-12-29,91.660004,90.620003,92.459999,89.43,31748200.0
2020-12-28,92.93,91.599998,93.139999,90.82,30627300.0
2020-12-24,91.800003,91.809998,92.510002,91.309998,16705900.0
2020-12-23,93.080002,91.550003,93.129997,91.459999,25993300.0
2020-12-22,93.360001,93.160004,93.550003,90.529999,35673700.0
2020-12-21,94.25,93.230003,95.279999,91.080002,47093900.0
2020-12-18,97.269997,95.919998,97.68,93.559998,51823100.0
2020-12-17,97.550003,96.839996,97.919998,96.25,32023700.0
2020-12-16,97.040001,96.849998,97.269997,95.459999,34909000.0
2020-12-15,95.93,97.120003,97.980003,95.449997,57305100.0
2020-12-14,92.209999,94.779999,95.410004,91.849998,48026400.0
2020-12-11,91.540001,91.650002,92.330002,90.160004,28368100.0
2020-12-10,89.550003,91.660004,92.089996,89.029999,33804400.0
2020-12-09,92.760002,89.830002,94.699997,89.160004,52170400.0
2020-12-08,94.050003,92.919998,94.739998,91.900002,33907500.0
2020-12-07,94.949997,94.07,95.0,92.970001,39815700.0
2020-12-04,92.580002,94.040001,94.580002,90.629997,45570300.0
2020-12-03,94.059998,92.309998,94.699997,92.010002,35859700.0
2020-12-02,92.889999,93.739998,96.370003,92.529999,57988800.0
2020-12-01,92.25,92.629997,93.900002,90.779999,58670500.0
2020-11-30,87.330002,92.660004,92.739998,86.529999,84483000.0
2020-11-27,87.989998,87.190002,88.0,86.360001,22717600.0
2020-11-25,85.760002,86.709999,87.839996,85.519997,41349700.0
2020-11-24,85.720001,85.07,86.110001,83.32,36839200.0
2020-11-23,85.519997,85.309998,87.540001,84.620003,46505000.0
2020-11-20,85.279999,84.639999,86.099998,84.470001,34974800.0
2020-11-19,82.389999,85.540001,85.639999,81.720001,50116800.0
2020-11-18,83.010002,82.540001,83.959999,82.220001,29968000.0
2020-11-17,83.93,83.360001,84.809998,82.910004,29473500.0
2020-11-16,81.209999,83.730003,83.779999,80.480003,38640800.0
2020-11-13,82.730003,81.43,83.110001,80.699997,30423200.0
2020-11-12,81.32,81.839996,83.0,80.300003,37242600.0
2020-11-11,79.389999,81.279999,81.470001,78.970001,44611300.0
2020-11-10,81.93,77.989998,82.129997,77.629997,67137200.0
2020-11-09,84.239998,83.120003,87.050003,82.769997,58580700.0
2020-11-06,83.519997,85.879997,86.089996,82.669998,53829900.0
2020-11-05,83.269997,83.0,83.5,81.849998,46542300.0
2020-11-04,80.25,81.349998,81.849998,78.970001,66579700.0
2020-11-03,74.93,76.580002,77.080002,74.599998,41231800.0
2020-11-02,75.849998,74.699997,76.339996,73.760002,45760700.0
2020-10-30,77.089996,75.290001,77.699997,74.230003,51349000.0
2020-10-29,76.75,78.019997,79.18,76.290001,52784100.0
2020-10-28,78.730003,76.400002,78.959999,75.760002,76529900.0
2020-10-27,82.0,78.879997,82.370003,77.57,156669500.0
2020-10-26,82.550003,82.230003,84.970001,80.860001,69423700.0
2020-10-23,80.93,81.959999,81.989998,79.330002,46557700.0
2020-10-22,79.650002,79.419998,80.82,78.419998,38006800.0
2020-10-21,81.720001,79.199997,81.93,79.190002,36426400.0
2020-10-20,82.160004,81.559998,82.690002,80.580002,38219400.0
2020-10-19,83.620003,82.0,84.650002,81.529999,36689100.0
2020-10-16,83.540001,83.169998,83.989998,82.410004,31474300.0
2020-10-15,83.400002,83.129997,84.720001,82.419998,33696400.0
2020-10-14,85.860001,84.209999,85.959999,83.459999,40446700.0
2020-10-13,84.860001,85.279999,86.089996,83.970001,42764100.0
2020-10-12,83.650002,84.290001,85.129997,83.120003,47669700.0
2020-10-09,84.739998,83.099998,85.75,82.349998,80354400.0
2020-10-08,88.110001,86.510002,88.720001,85.949997,54240700.0
2020-10-07,86.099998,86.690002,87.790001,85.650002,43045700.0
2020-10-06,86.209999,84.480003,87.25,83.540001,52725400.0
2020-10-05,82.550003,86.150002,86.279999,82.550003,47056500.0
2020-10-02,82.580002,81.800003,84.650002,81.660004,52855100.0
2020-10-01,83.059998,84.860001,85.25,82.860001,52177100.0
2020-09-30,81.75,81.989998,82.940002,80.660004,51479700.0
2020-09-29,79.300003,81.769997,82.550003,79.300003,61568900.0
2020-09-28,79.120003,79.480003,79.57,77.519997,48005500.0
2020-09-25,76.349998,78.059998,78.199997,74.669998,48206200.0
2020-09-24,74.540001,75.82,77.25,73.900002,57540900.0
2020-09-23,77.389999,74.730003,77.910004,74.339996,42327500.0
2020-09-22,78.360001,77.699997,78.790001,75.269997,56044700.0
2020-09-21,74.230003,77.940002,77.980003,73.879997,61312000.0
2020-09-18,77.0,74.93,77.400002,73.849998,51082900.0
2020-09-17,74.879997,76.550003,76.629997,74.199997,55619100.0
2020-09-16,79.349998,76.660004,79.720001,76.540001,38393500.0
2020-09-15,77.660004,78.93,80.330002,75.970001,57874400.0
2020-09-14,76.800003,77.900002,78.82,76.260002,47448700.0
2020-09-11,79.82,76.339996,79.989998,75.040001,54763000.0
2020-09-10,83.07,78.980003,83.309998,78.379997,51499400.0
2020-09-09,81.400002,81.910004,82.440002,79.279999,54163900.0
2020-09-08,78.050003,78.690002,81.879997,78.0,54955700.0
2020-09-04,81.449997,82.010002,84.389999,76.330002,82267800.0
2020-09-03,87.839996,82.540001,88.470001,81.589996,87462700.0
2020-09-02,94.010002,90.220001,94.279999,88.739998,50366900.0
2020-09-01,91.919998,92.18,92.510002,90.190002,56117100.0
2020-08-31,85.050003,90.82,92.639999,85.050003,90655900.0
2020-08-28,84.300003,85.550003,86.040001,84.190002,40723300.0
2020-08-27,86.349998,83.800003,86.580002,82.940002,42194200.0
2020-08-26,86.970001,86.019997,87.720001,85.199997,47157300.0
2020-08-25,83.360001,86.349998,86.620003,82.349998,49234400.0
2020-08-24,84.550003,83.080002,85.330002,82.550003,38036100.0
2020-08-21,83.290001,83.809998,84.410004,82.230003,48280300.0
2020-08-20,79.74,82.77,82.84,79.12,43161391.0
2020-08-19,81.779999,81.089996,81.849998,80.449997,37507400.0
2020-08-18,82.800003,81.660004,82.879997,81.029999,30970500.0
2020-08-17,82.089996,82.419998,83.059998,81.550003,31450200.0
2020-08-14,81.809998,81.300003,83.239998,80.879997,42389500.0
2020-08-13,82.879997,81.839996,84.019997,81.540001,57407400.0
2020-08-12,78.43,82.610001,82.879997,77.550003,88607800.0
2020-08-11,80.709999,76.879997,80.709999,76.099998,77877700.0
2020-08-10,85.050003,82.239998,85.160004,79.32,70536100.0
2020-08-07,86.669998,84.849998,87.290001,82.669998,66498000.0
2020-08-06,85.489998,86.709999,86.980003,84.779999,53961700.0
2020-08-05,84.959999,85.309998,86.32,83.32,65737300.0
2020-08-04,78.029999,85.040001,85.809998,77.989998,155676100.0
2020-08-03,78.190002,77.669998,78.5,77.059998,42628800.0
2020-07-31,78.669998,77.43,78.959999,75.360001,71699700.0
2020-07-30,75.370003,78.199997,78.959999,75.07,80286900.0
2020-07-29,75.5,76.089996,77.190002,73.900002,132969700.0
2020-07-28,68.099998,67.610001,69.800003,67.019997,94181400.0
2020-07-27,69.279999,68.970001,71.629997,67.790001,107918100.0
2020-07-24,64.18,69.400002,69.940002,64.050003,205314500.0
2020-07-23,61.630001,59.57,62.330002,58.630001,106829100.0
2020-07-22,57.07,61.790001,62.0,56.970001,135159400.0
2020-07-21,57.810001,57.0,58.5,56.32,44800700.0
2020-07-20,55.23,57.459999,57.529999,54.830002,45034300.0
2020-07-17,55.310001,55.040001,55.810001,54.68,34710400.0
2020-07-16,54.68,54.919998,55.150002,53.740002,36887100.0
2020-07-15,54.959999,55.34,55.369999,53.59,42360300.0
2020-07-14,53.299999,54.720001,54.860001,52.259998,54890100.0
2020-07-13,56.68,53.59,58.349998,53.380001,57592500.0
2020-07-10,57.540001,55.880001,58.150002,55.509998,59839700.0
2020-07-09,53.52,57.259998,57.580002,53.310001,87216300.0
2020-07-08,53.009998,53.43,53.470001,52.07,35608300.0
2020-07-07,53.279999,52.93,54.169998,52.860001,32153100.0
2020-07-06,52.900002,53.400002,53.52,52.330002,36769400.0
2020-07-02,53.029999,52.34,53.189999,52.049999,29081400.0
2020-07-01,52.630001,52.580002,52.869999,51.599998,32370900.0
2020-06-30,51.16,52.610001,52.77,50.82,42275700.0
2020-06-29,50.150002,50.279999,50.279999,48.419998,49905800.0
2020-06-26,51.849998,50.099998,51.950001,49.450001,65485700.0
2020-06-25,52.560001,51.93,52.700001,50.540001,51129600.0
2020-06-24,53.939999,52.389999,54.740002,51.919998,53535500.0
2020-06-23,55.049999,53.990002,55.369999,53.869999,48089000.0
2020-06-22,54.669998,54.759998,55.169998,53.740002,44704800.0
2020-06-19,54.41,54.23,55.459999,53.82,52801500.0
2020-06-18,54.619999,54.040001,55.119999,53.650002,40354700.0
2020-06-17,54.790001,54.549999,55.82,54.299999,45008100.0
2020-06-16,55.720001,54.459999,56.07,53.59,50949700.0
2020-06-15,52.580002,54.68,54.73,52.41,56740700.0
2020-06-12,55.009998,53.5,55.599998,52.110001,71096500.0
2020-06-11,55.939999,52.830002,56.68,52.799999,78715400.0
2020-06-10,57.200001,57.439999,59.0,57.029999,78719400.0
2020-06-09,52.950001,56.389999,56.459999,52.720001,79919100.0
2020-06-08,53.299999,52.970001,53.349998,52.259998,39681700.0
2020-06-05,52.990002,53.099998,53.57,52.080002,53908300.0
2020-06-04,52.59,52.630001,53.740002,52.200001,44869100.0
2020-06-03,53.599998,52.73,53.650002,52.330002,46765300.0
2020-06-02,53.450001,53.540001,53.57,52.009998,42855200.0
2020-06-01,53.310001,53.630001,54.110001,52.889999,36864400.0
2020-05-29,52.07,53.799999,53.799999,51.849998,64948300.0
2020-05-28,52.25,51.740002,53.540001,51.25,53670200.0
2020-05-27,53.27,52.740002,53.279999,49.09,102414500.0
2020-05-26,56.009998,53.189999,56.080002,53.02,51618900.0
2020-05-22,54.77,55.169998,55.369999,53.779999,43524100.0
2020-05-21,56.68,54.650002,56.720001,54.610001,48496100.0
2020-05-20,56.549999,56.389999,56.98,55.630001,50888200.0
2020-05-19,54.389999,55.470001,56.73,54.360001,60388500.0
2020-05-18,54.98,54.59,55.25,54.240002,48679100.0
2020-05-15,53.32,54.200001,54.439999,52.860001,66950900.0
2020-05-14,52.099998,54.509998,54.540001,51.610001,73814000.0
2020-05-13,54.040001,52.18,55.220001,51.299999,76824700.0
2020-05-12,56.209999,53.759998,56.580002,53.75,55631100.0
2020-05-11,52.900002,55.740002,55.889999,52.75,68746400.0
2020-05-08,52.150002,53.189999,53.27,51.810001,40774200.0
2020-05-07,52.93,51.950001,52.970001,51.619999,48956600.0
2020-05-06,52.419998,52.16,53.310001,51.880001,48138100.0
2020-05-05,53.43,52.189999,53.509998,51.290001,56560500.0
2020-05-04,49.82,52.560001,52.610001,49.73,62590600.0
2020-05-01,51.07,49.880001,51.950001,49.09,69562700.0
2020-04-30,53.43,52.389999,54.290001,52.029999,65543900.0
2020-04-29,54.529999,53.66,54.860001,52.740002,110800900.0
2020-04-28,57.16,55.509998,57.349998,55.299999,80501800.0
2020-04-27,57.439999,56.490002,58.0,56.25,62568100.0
2020-04-24,55.099998,56.18,56.779999,54.419998,72854800.0
2020-04-23,56.650002,55.900002,57.290001,55.639999,69662700.0
2020-04-22,54.91,55.919998,56.150002,54.34,63164100.0
2020-04-21,56.900002,52.919998,57.73,51.41,123906400.0
2020-04-20,55.98,56.970001,58.630001,55.849998,72367300.0
2020-04-17,57.349998,56.599998,57.759998,55.549999,76908800.0
2020-04-16,55.959999,56.950001,58.080002,55.630001,103106500.0
2020-04-15,53.73,54.990002,55.57,53.41,83814000.0
2020-04-14,52.240002,54.93,55.139999,52.110001,85306800.0
2020-04-13,48.470001,50.939999,51.07,48.23,64290100.0
2020-04-09,49.650002,48.380001,50.25,47.720001,80357400.0
2020-04-08,48.07,48.790001,49.0,47.610001,64930800.0
2020-04-07,48.959999,47.560001,49.650002,46.68,102098700.0
2020-04-06,44.299999,47.52,47.580002,44.060001,82294000.0
2020-04-03,44.299999,42.59,44.84,41.700001,79335000.0
2020-04-02,43.400002,44.490002,45.279999,43.099998,79024100.0
2020-04-01,44.18,43.66,46.849998,43.16,92083100.0
2020-03-31,47.93,45.48,48.529999,45.16,83483700.0
2020-03-30,47.240002,47.860001,48.459999,46.66,68486600.0
2020-03-27,46.32,46.580002,47.98,45.900002,74599200.0
2020-03-26,45.779999,47.5,47.5,45.400002,73680200.0
2020-03-25,46.790001,44.630001,47.880001,44.43,93760400.0
2020-03-24,44.040001,46.220001,46.810001,43.990002,106794200.0
2020-03-23,40.619999,41.639999,42.32,38.950001,101704700.0
2020-03-20,41.509998,39.610001,42.48,39.580002,106859500.0
2020-03-19,39.560001,39.82,41.700001,37.689999,88939000.0
2020-03-18,39.540001,39.119999,41.950001,36.75,106949300.0
2020-03-17,40.189999,41.880001,42.880001,38.299999,92741900.0
2020-03-16,39.080002,38.709999,43.369999,38.509998,84545900.0
2020-03-13,42.200001,43.900002,43.91,39.599998,86689700.0
2020-03-12,42.0,39.009998,42.5,39.0,107461500.0
2020-03-11,44.189999,45.700001,45.970001,43.799999,101601100.0
2020-03-10,45.41,45.380001,45.439999,43.099998,76228200.0
2020-03-09,43.029999,43.27,46.34,42.509998,80859800.0
2020-03-06,49.439999,48.59,49.540001,46.740002,124590900.0
2020-03-05,48.68,48.110001,49.720001,47.509998,98302700.0
2020-03-04,48.25,50.110001,50.139999,47.209999,93311800.0
2020-03-03,49.029999,46.75,50.200001,45.669998,141972300.0
2020-03-02,47.419998,47.459999,47.68,44.66,102324700.0
2020-02-28,41.360001,45.48,46.150002,41.040001,100667700.0
2020-02-27,45.380001,44.009998,46.240002,42.209999,106416200.0
2020-02-26,47.700001,47.490002,49.290001,47.07,86378400.0
2020-02-25,51.139999,47.57,51.240002,47.119999,88699400.0
2020-02-24,48.18,49.119999,50.279999,47.490002,86624100.0
2020-02-21,56.709999,53.279999,56.799999,52.889999,88271100.0
2020-02-20,58.439999,57.27,59.02,56.150002,74203400.0
2020-02-19,57.990002,58.900002,59.27,57.509998,58597300.0
2020-02-18,54.939999,56.889999,58.130001,54.84,70133200.0
2020-02-14,55.189999,55.310001,55.400002,54.560001,52365400.0
2020-02-13,53.43,54.529999,55.029999,53.34,51640000.0
2020-02-12,54.529999,53.889999,54.849998,53.529999,45994900.0
2020-02-11,53.220001,53.799999,54.48,52.91,74719100.0
2020-02-10,49.470001,52.259998,52.299999,49.349998,60971700.0
2020-02-07,48.91,49.73,50.669998,48.639999,53107600.0
2020-02-06,48.799999,49.32,49.389999,47.630001,48670600.0
2020-02-05,50.290001,49.84,50.419998,49.310001,42737100.0
2020-02-04,49.209999,49.450001,49.75,48.610001,46302100.0
2020-02-03,46.400002,48.02,48.099998,46.23,47077000.0
2020-01-31,48.400002,47.0,48.580002,46.790001,60322400.0
2020-01-30,46.490002,48.779999,48.810001,46.130001,70460200.0
2020-01-29,47.84,47.509998,48.07,46.099998,112349900.0
2020-01-28,50.029999,50.529999,50.849998,49.48,62343800.0
2020-01-27,48.450001,49.259998,49.790001,47.900002,48878600.0
2020-01-24,52.279999,50.349998,52.810001,49.470001,80004900.0
2020-01-23,51.34,51.709999,51.75,50.740002,40135400.0
2020-01-22,51.630001,51.43,51.880001,51.200001,40772200.0
2020-01-21,50.959999,51.049999,51.810001,50.700001,49095000.0
2020-01-17,50.200001,50.93,51.049999,49.900002,57722500.0
2020-01-16,49.169998,49.77,50.310001,48.990002,58898900.0
2020-01-15,48.23,48.549999,49.080002,48.119999,40199900.0
2020-01-14,48.639999,48.209999,49.040001,47.91,38563200.0
2020-01-13,48.66,48.75,48.860001,48.240002,34266800.0
2020-01-10,49.259998,48.169998,49.290001,48.0,44133700.0
2020-01-09,48.939999,48.970001,49.959999,48.389999,76512800.0
2020-01-08,47.849998,47.830002,48.299999,47.139999,53767000.0
2020-01-07,49.349998,48.25,49.389999,48.040001,58061400.0
2020-01-06,48.02,48.389999,48.860001,47.860001,47934900.0
2020-01-03,48.029999,48.599998,49.389999,47.540001,73127400.0
2020-01-02,46.860001,49.099998,49.25,46.630001,80331100.0
2019-12-31,45.07,45.860001,46.09,44.919998,31673200.0
2019-12-30,46.139999,45.52,46.169998,44.66,41149700.0
2019-12-27,46.849998,46.18,46.880001,45.98,36581300.0
2019-12-26,46.990002,46.630001,47.310001,45.66,57562800.0
2019-12-24,46.099998,46.540001,46.610001,45.77,44432200.0
2019-12-23,44.580002,45.459999,45.630001,44.389999,55886500.0
2019-12-20,43.439999,44.150002,44.259998,43.259998,68104700.0
2019-12-19,42.630001,42.830002,43.34,42.599998,45883000.0
2019-12-18,42.790001,42.299999,43.060001,42.240002,39083300.0
2019-12-17,42.509998,42.77,43.110001,42.150002,44852000.0
2019-12-16,41.73,42.349998,42.98,41.73,58824900.0
2019-12-13,42.349998,41.150002,42.950001,41.060001,79927800.0
2019-12-12,39.400002,42.59,42.619999,39.25,86878000.0
2019-12-11,39.439999,39.470001,39.610001,39.040001,31698300.0
2019-12-10,39.200001,39.439999,39.73,38.82,33733600.0
2019-12-09,39.459999,38.93,39.84,38.91,27928100.0
2019-12-06,40.099998,39.630001,40.189999,39.560001,31101400.0
2019-12-05,39.950001,39.619999,40.220001,39.549999,35574000.0
2019-12-04,39.380001,39.689999,39.82,39.130001,44299400.0
2019-12-03,37.34,38.900002,38.93,37.150002,51556400.0
2019-12-02,39.32,38.73,39.41,38.439999,35710200.0
2019-11-29,39.099998,39.150002,39.52,39.02,17609900.0
2019-11-27,39.459999,39.41,39.759998,39.07,33630100.0
2019-11-26,39.299999,38.990002,39.48,38.810001,43603300.0
2019-11-25,39.5,39.790001,40.169998,39.490002,45769500.0
2019-11-22,39.360001,39.150002,39.889999,38.189999,56931900.0
2019-11-21,40.419998,39.52,40.709999,38.639999,88069400.0
2019-11-20,40.959999,40.98,41.75,40.07,79767900.0
2019-11-19,40.139999,41.290001,41.790001,39.689999,94373000.0
2019-11-18,38.650002,39.880001,39.990002,38.599998,66102800.0
2019-11-15,38.939999,38.560001,39.369999,38.34,62958500.0
2019-11-14,37.509998,38.349998,38.5,37.360001,65829500.0
2019-11-13,36.650002,37.52,37.959999,36.580002,67648300.0
2019-11-12,36.43,36.709999,37.130001,36.400002,58664500.0
2019-11-11,35.959999,36.310001,36.66,35.580002,43511100.0
2019-11-08,36.060001,36.290001,36.580002,36.0,39353900.0
2019-11-07,36.52,36.279999,36.990002,36.029999,54350200.0
2019-11-06,36.060001,35.93,36.48,35.52,51675100.0
2019-11-05,36.560001,36.150002,37.18,35.98,84848600.0
2019-11-04,35.189999,36.290001,36.450001,34.759998,83343800.0
2019-11-01,34.369999,34.889999,35.0,34.099998,64238600.0
2019-10-31,32.98,33.93,34.34,32.82,67881600.0
2019-10-30,32.93,33.130001,33.34,32.029999,78228800.0
2019-10-29,33.73,33.029999,33.900002,32.700001,78700100.0
2019-10-28,33.16,33.689999,33.91,33.150002,51223600.0
2019-10-25,31.9,32.709999,32.860001,31.83,45368800.0
2019-10-24,31.58,31.719999,31.860001,31.34,27808000.0
2019-10-23,31.09,31.360001,31.65,30.83,26582200.0
2019-10-22,32.060001,31.51,32.150002,31.5,36185200.0
2019-10-21,31.5,32.029999,32.259998,31.41,52182800.0
2019-10-18,31.059999,30.969999,31.33,30.290001,39681700.0
2019-10-17,31.299999,31.139999,31.4,30.860001,36884400.0
2019-10-16,30.6,30.809999,31.41,30.530001,42804400.0
2019-10-15,30.700001,30.719999,30.92,30.17,41600700.0
2019-10-14,29.709999,30.530001,30.610001,29.379999,44473700.0
2019-10-11,28.83,29.75,30.200001,28.809999,66256900.0
2019-10-10,28.52,28.379999,28.889999,28.0,40660100.0
2019-10-09,28.799999,28.459999,28.950001,28.35,35661500.0
2019-10-08,28.549999,28.23,28.639999,27.92,44265700.0
2019-10-07,28.9,28.93,29.629999,28.84,39337200.0
2019-10-04,28.83,29.01,29.059999,28.280001,34446700.0
2019-10-03,28.280001,28.68,28.780001,27.43,56325200.0
2019-10-02,28.5,28.309999,28.85,28.030001,43640700.0
2019-10-01,29.049999,28.76,29.540001,28.639999,37081800.0
2019-09-30,28.889999,28.99,29.049999,28.360001,37295600.0
2019-09-27,29.17,28.719999,29.77,28.35,54091100.0
2019-09-26,29.67,29.469999,29.77,29.0,40745400.0
2019-09-25,29.48,29.540001,29.65,28.549999,58234800.0
2019-09-24,30.540001,29.52,30.75,29.290001,72963000.0
2019-09-23,30.120001,30.639999,30.799999,30.07,44366800.0
2019-09-20,30.360001,30.049999,30.469999,29.65,79957400.0
2019-09-19,30.57,30.290001,30.959999,30.139999,41603000.0
2019-09-18,30.75,30.42,30.889999,29.879999,47027500.0
2019-09-17,31.07,30.99,31.32,30.74,35011700.0
2019-09-16,30.370001,30.83,31.15,30.26,52248500.0
2019-09-13,30.27,30.690001,30.85,29.950001,47758800.0
2019-09-12,30.08,30.209999,30.84,29.950001,53618300.0
2019-09-11,30.379999,29.76,30.43,29.51,50631700.0
2019-09-10,30.219999,30.23,30.379999,29.77,48604800.0
2019-09-09,30.93,30.5,31.18,30.24,54413200.0
2019-09-06,31.5,30.559999,31.51,30.48,51673000.0
2019-09-05,31.790001,31.5,32.049999,31.120001,57861200.0
2019-09-04,31.32,30.950001,31.83,30.85,46614600.0
2019-09-03,30.83,30.9,31.139999,30.68,38029300.0
2019-08-30,31.6,31.450001,31.870001,31.129999,40307000.0
2019-08-29,31.469999,31.450001,31.83,31.33,44422800.0
2019-08-28,29.92,30.780001,31.18,29.700001,55835900.0
2019-08-27,30.6,30.200001,30.889999,29.6,53229200.0
2019-08-26,30.34,30.280001,30.719999,29.940001,50612500.0
2019-08-23,31.299999,29.540001,31.83,29.4,83681100.0
2019-08-22,31.76,31.9,31.92,30.98,47667900.0
2019-08-21,31.049999,31.700001,31.74,30.84,41441500.0
2019-08-20,30.940001,30.719999,31.309999,30.450001,47924000.0
2019-08-19,32.0,31.48,32.189999,31.42,67596900.0
2019-08-16,30.309999,31.18,31.48,30.209999,70469800.0
2019-08-15,30.629999,29.67,30.73,29.209999,71674400.0
2019-08-14,31.0,30.24,31.049999,29.51,127521500.0
2019-08-13,32.360001,32.110001,33.139999,31.719999,102009700.0
2019-08-12,34.16,32.43,34.650002,32.080002,106737000.0
2019-08-09,33.450001,34.189999,35.549999,33.080002,132483900.0
2019-08-08,31.530001,33.919998,34.27,31.48,167278800.0
2019-08-07,28.469999,29.190001,29.280001,28.370001,58577500.0
2019-08-06,28.860001,28.860001,29.049999,28.200001,60578400.0
2019-08-05,28.26,27.99,28.49,27.65,74333200.0
2019-08-02,29.48,29.440001,29.73,28.940001,60410900.0
2019-08-01,30.5,29.860001,31.48,29.1,80878900.0
2019-07-31,32.080002,30.450001,32.299999,30.299999,119190000.0
2019-07-30,33.209999,33.869999,33.939999,32.939999,72198900.0
2019-07-29,34.139999,33.48,34.18,32.98,45922000.0
2019-07-26,34.23,34.02,34.77,33.869999,43502800.0
2019-07-25,34.049999,33.669998,34.25,33.619999,36705600.0
2019-07-24,33.639999,34.110001,34.360001,33.450001,41952300.0
2019-07-23,33.169998,33.490002,33.5,32.93,38532500.0
2019-07-22,32.799999,32.849998,33.310001,32.740002,37777300.0
2019-07-19,33.080002,32.509998,33.349998,32.450001,44617700.0
2019-07-18,33.029999,33.0,33.459999,32.419998,58610900.0
2019-07-17,34.009998,33.599998,34.299999,33.490002,42557900.0
2019-07-16,34.299999,33.849998,34.860001,33.799999,66912700.0
2019-07-15,33.34,34.389999,34.549999,33.27,65565200.0
2019-07-12,32.759998,33.209999,33.389999,32.59,51509700.0
2019-07-11,33.91,33.060001,34.0,32.759998,63081800.0
2019-07-10,33.560001,33.790001,34.029999,33.360001,60388400.0
2019-07-09,31.76,33.150002,33.18,30.1,61419800.0
2019-07-08,31.799999,32.040001,32.150002,31.26,49689400.0
2019-07-05,30.879999,31.5,31.559999,30.75,34011900.0
2019-07-03,31.129999,31.190001,31.33,30.74,23462000.0
2019-07-02,30.959999,31.24,31.26,30.73,37721700.0
2019-07-01,31.790001,31.200001,32.040001,30.870001,60525500.0
2019-06-28,31.08,30.370001,31.110001,30.33,50090900.0
2019-06-27,30.41,30.74,30.959999,30.209999,55623300.0
2019-06-26,29.98,29.92,30.48,29.780001,65064200.0
2019-06-25,29.26,28.860001,29.719999,28.799999,53680900.0
2019-06-24,29.32,29.26,29.4,28.67,55724800.0
2019-06-21,29.65,29.1,30.35,28.969999,81861300.0
2019-06-20,31.24,30.01,31.360001,29.84,72418200.0
2019-06-19,30.67,30.5,30.790001,30.059999,63233900.0
2019-06-18,29.76,30.450001,30.969999,29.58,86444500.0
2019-06-17,30.25,29.200001,30.450001,29.18,70865700.0
2019-06-14,30.700001,30.360001,30.959999,30.02,70373000.0
2019-06-13,32.389999,31.389999,32.5,31.059999,63556000.0
2019-06-12,32.0,32.18,32.57,31.92,56194100.0
2019-06-11,33.43,32.41,33.490002,31.82,82834900.0
2019-06-10,33.529999,33.23,34.299999,33.080002,97668800.0
2019-06-07,31.940001,32.41,32.599998,31.57,86841100.0
2019-06-06,29.870001,31.82,31.98,29.84,131267800.0
2019-06-05,29.93,29.5,29.99,29.030001,79481500.0
2019-06-04,28.389999,29.57,29.59,27.91,107549500.0
2019-06-03,28.75,27.58,29.620001,27.290001,147532200.0
2019-05-31,27.57,27.41,28.360001,27.4,68667800.0
2019-05-30,28.4,28.030001,28.559999,27.6,65289100.0
2019-05-29,29.0,28.09,29.32,27.73,99969600.0
2019-05-28,27.27,29.049999,29.67,27.059999,146949600.0
2019-05-24,26.610001,26.440001,26.93,26.4,39835800.0
2019-05-23,26.99,26.360001,27.1,26.030001,67809200.0
2019-05-22,27.120001,27.41,27.59,27.07,40035300.0
2019-05-21,27.18,27.35,27.370001,26.93,46079200.0
2019-05-20,26.98,26.68,27.24,26.49,69757400.0
2019-05-17,27.690001,27.5,28.459999,27.4,65385400.0
2019-05-16,27.370001,28.01,28.370001,27.27,67330100.0
2019-05-15,26.870001,27.58,27.790001,26.73,55689900.0
2019-05-14,26.530001,27.32,27.48,26.15,82980400.0
2019-05-13,26.98,26.24,27.23,26.1,99017900.0
2019-05-10,27.030001,27.959999,28.1,26.93,82930100.0
2019-05-09,26.700001,27.209999,27.379999,26.030001,73150900.0
2019-05-08,26.41,27.09,27.709999,26.27,65967500.0
2019-05-07,27.200001,26.66,27.35,26.209999,75868800.0
2019-05-06,26.719999,27.42,27.5,26.450001,70344100.0
2019-05-03,28.299999,28.219999,28.42,27.66,55503100.0
2019-05-02,26.940001,28.290001,28.639999,26.610001,100514800.0
2019-05-01,28.950001,26.809999,29.15,26.780001,136066900.0
2019-04-30,27.59,27.629999,27.799999,26.940001,73165900.0
2019-04-29,27.9,27.690001,28.139999,27.5,44532700.0
2019-04-26,27.66,27.879999,27.9,27.049999,48827900.0
2019-04-25,28.67,27.66,28.860001,27.360001,57329700.0
2019-04-24,28.1,28.459999,28.85,27.93,51784700.0
2019-04-23,28.18,27.969999,28.49,27.790001,41777500.0
2019-04-22,27.620001,28.18,28.23,27.389999,36477300.0
2019-04-18,27.6,27.68,27.879999,27.34,39880900.0
2019-04-17,28.209999,27.49,28.27,27.219999,48240800.0
2019-04-16,27.719999,27.93,28.18,27.49,47340100.0
2019-04-15,27.799999,27.33,27.84,26.959999,40812500.0
2019-04-12,28.209999,27.85,28.379999,27.66,41048800.0
2019-04-11,27.809999,27.790001,28.049999,27.459999,44801200.0
2019-04-10,27.459999,27.83,28.120001,27.32,64368100.0
2019-04-09,28.24,27.24,28.379999,27.190001,75539800.0
2019-04-08,28.690001,28.530001,28.950001,28.18,58002500.0
2019-04-05,29.639999,28.98,29.690001,28.799999,65662700.0
2019-04-04,28.879999,29.09,29.389999,28.610001,82191100.0
2019-04-03,28.02,29.02,29.950001,27.879999,197650500.0
2019-04-02,26.51,26.75,26.799999,26.09,53358800.0
2019-04-01,26.42,26.360001,26.559999,25.83,63000300.0
2019-03-29,25.58,25.52,25.73,25.25,53502800.0
2019-03-28,25.1,25.059999,25.559999,24.65,64667500.0
2019-03-27,25.700001,24.889999,25.879999,24.549999,88585300.0
2019-03-26,26.690001,25.690001,26.98,25.459999,75754100.0
2019-03-25,26.290001,25.969999,26.99,25.540001,78438200.0
2019-03-22,27.540001,26.370001,27.75,26.33,115323300.0
2019-03-21,25.780001,27.889999,28.110001,25.709999,129610300.0
2019-03-20,26.49,25.700001,26.879999,25.309999,151292100.0
2019-03-19,23.6,26.0,26.08,23.59,156052200.0
2019-03-18,23.299999,23.25,23.620001,23.040001,34731800.0
2019-03-15,23.1,23.290001,23.65,23.01,46519900.0
2019-03-14,23.370001,22.82,23.49,22.799999,42818600.0
2019-03-13,23.66,23.379999,24.15,23.35,56705800.0
2019-03-12,23.1,23.49,23.799999,22.780001,56410600.0
2019-03-11,22.15,22.959999,23.08,21.98,54420200.0
2019-03-08,21.35,22.01,22.09,21.040001,49967700.0
2019-03-07,22.33,22.08,22.41,21.73,52186300.0
2019-03-06,23.469999,22.41,23.530001,22.4,60479400.0
2019-03-05,23.34,23.5,23.68,23.01,35462600.0
2019-03-04,23.889999,23.370001,24.129999,23.01,48147700.0
2019-03-01,23.969999,23.68,24.190001,23.450001,48084000.0
2019-02-28,23.209999,23.530001,23.67,23.110001,39384900.0
2019-02-27,24.110001,23.48,24.23,23.209999,62649300.0
2019-02-26,24.65,24.209999,24.719999,24.15,48470100.0
2019-02-25,25.01,24.709999,25.52,24.68,63221000.0
2019-02-22,24.049999,24.360001,24.360001,23.879999,52650700.0
2019-02-21,24.040001,23.92,24.33,23.85,49608200.0
2019-02-20,24.139999,23.950001,24.370001,23.9,57091600.0
2019-02-19,23.629999,23.950001,24.41,23.610001,57517900.0
2019-02-15,23.58,23.68,24.049999,23.200001,78644100.0
2019-02-14,22.74,23.129999,23.370001,22.59,64441200.0
2019-02-13,22.98,22.85,23.24,22.709999,57544200.0
2019-02-12,23.43,22.82,23.559999,22.75,67595400.0
2019-02-11,23.049999,22.959999,23.280001,22.66,60578700.0
2019-02-08,22.33,23.049999,23.280001,22.27,78129300.0
2019-02-07,22.99,22.67,23.219999,22.32,86723900.0
2019-02-06,23.629999,23.26,24.139999,23.219999,78684300.0
2019-02-05,23.42,23.309999,23.860001,22.98,122226000.0
2019-02-04,24.43,24.129999,24.66,24.07,70843800.0
2019-02-01,24.610001,24.51,24.84,24.07,105356200.0
2019-01-31,23.02,24.41,25.139999,22.83,182575600.0
2019-01-30,21.49,23.09,23.129999,21.370001,211421200.0
2019-01-29,20.26,19.25,20.389999,19.049999,131202500.0
2019-01-28,20.32,20.18,21.01,20.02,135164100.0
2019-01-25,20.99,21.93,22.030001,20.790001,110239500.0
2019-01-24,20.059999,20.85,21.01,20.040001,97433400.0
2019-01-23,20.030001,19.799999,20.48,19.549999,77811300.0
2019-01-22,20.48,19.76,20.92,19.700001,78513700.0
2019-01-18,20.370001,20.77,21.049999,20.02,88131000.0
2019-01-17,19.49,20.25,20.51,19.02,85018400.0
2019-01-16,20.4,19.73,20.540001,19.709999,70849300.0
2019-01-15,20.440001,20.379999,20.68,20.26,62785800.0
2019-01-14,19.959999,20.23,20.620001,19.75,71350200.0
2019-01-11,19.469999,20.27,20.35,19.190001,85110800.0
2019-01-10,19.76,19.74,19.83,18.9,115629400.0
2019-01-09,20.889999,20.190001,21.440001,20.07,163944100.0
2019-01-08,21.190001,20.75,21.200001,19.68,121271000.0
2019-01-07,19.440001,20.57,20.68,19.0,107157000.0
2019-01-04,17.549999,19.0,19.07,17.43,111878600.0
2019-01-03,18.42,17.049999,18.68,16.940001,117277600.0
2019-01-02,18.01,18.83,19.0,17.98,87148700.0
2018-12-31,18.15,18.459999,18.51,17.85,84732200.0
2018-12-28,17.530001,17.82,18.309999,17.139999,109214400.0
2018-12-27,17.43,17.49,17.74,16.440001,111373000.0
2018-12-26,16.879999,17.9,17.91,16.030001,108811800.0
2018-12-24,16.52,16.65,17.219999,16.370001,62933100.0
2018-12-21,18.120001,16.93,18.34,16.76,132246000.0
2018-12-20,18.110001,17.940001,18.860001,17.34,119394500.0
2018-12-19,19.440001,18.16,19.719999,18.0,120644500.0
2018-12-18,19.15,19.5,19.84,18.879999,101512900.0
2018-12-17,20.01,18.83,20.02,18.639999,115437900.0
2018-12-14,19.58,19.9,20.700001,19.52,84713600.0
2018-12-13,20.629999,19.860001,20.870001,19.76,88108300.0
2018-12-12,20.32,20.48,21.02,19.709999,100340700.0
2018-12-11,20.709999,19.98,21.139999,19.690001,88027400.0
2018-12-10,19.35,19.99,20.129999,19.27,77984500.0
2018-12-07,21.299999,19.459999,21.379999,19.17,105764500.0
2018-12-06,20.219999,21.299999,21.41,20.059999,103434700.0
2018-12-04,23.35,21.120001,23.42,21.07,127392900.0
2018-12-03,22.48,23.709999,23.75,22.370001,139607400.0
2018-11-30,21.299999,21.299999,21.360001,20.52,82370700.0
2018-11-29,21.190001,21.43,21.610001,20.73,79853700.0
2018-11-28,21.82,21.34,21.879999,20.18,134425300.0
2018-11-27,19.77,21.049999,21.450001,19.73,119230100.0
2018-11-26,19.959999,20.08,20.190001,19.110001,83211000.0
2018-11-23,18.610001,19.379999,19.83,18.559999,54611300.0
2018-11-21,20.049999,18.73,20.309999,18.5,81585600.0
2018-11-20,17.4,19.209999,19.58,17.18,109869400.0
2018-11-19,20.4,19.110001,20.59,19.09,93578200.0
2018-11-16,19.870001,20.66,20.969999,19.719999,112376600.0
2018-11-15,20.719999,21.49,21.77,20.42,97715500.0
2018-11-14,20.18,20.809999,21.110001,19.76,106344300.0
2018-11-13,19.280001,19.610001,20.02,18.969999,76126000.0
2018-11-12,20.68,19.030001,20.85,18.799999,95948200.0
2018-11-09,20.77,21.030001,21.190001,20.110001,85900700.0
2018-11-08,21.77,21.200001,22.08,20.969999,92387600.0
2018-11-07,21.42,21.84,22.219999,21.07,121115800.0
2018-11-06,19.5,20.68,21.65,19.48,144995700.0
2018-11-05,20.120001,19.9,20.18,18.879999,108016700.0
2018-11-02,20.59,20.23,21.059999,19.469999,123788000.0
2018-11-01,18.41,20.219999,20.33,18.08,136896500.0
2018-10-31,17.870001,18.209999,18.34,17.120001,110463700.0
2018-10-30,16.379999,17.200001,17.24,16.17,99049400.0
2018-10-29,18.209999,16.85,18.23,16.27,94479600.0
2018-10-26,18.49,17.629999,18.780001,17.049999,119689000.0
2018-10-25,17.92,19.27,20.15,17.719999,189173700.0
2018-10-24,25.040001,22.790001,25.1,22.75,134489100.0
2018-10-23,24.18,25.09,25.26,23.85,101763000.0
2018-10-22,24.459999,25.030001,25.639999,24.09,114158900.0
2018-10-19,27.030001,23.66,27.1,23.6,130799900.0
2018-10-18,27.08,26.620001,27.75,26.4,79623700.0
2018-10-17,28.41,27.299999,28.530001,26.92,89466900.0
2018-10-16,26.629999,28.18,28.23,26.17,92529000.0
2018-10-15,26.379999,26.26,26.77,25.75,70523500.0
2018-10-12,26.77,26.34,26.969999,25.67,111059400.0
2018-10-11,24.74,25.299999,26.200001,24.549999,147013800.0
2018-10-10,27.379999,25.0,27.4,24.91,147682900.0
2018-10-09,26.15,27.24,27.709999,26.0,105461800.0
2018-10-08,26.73,26.459999,27.540001,25.959999,103789500.0
2018-10-05,28.07,27.35,28.469999,26.93,88008500.0
2018-10-04,27.99,27.780001,28.83,27.370001,95831200.0
2018-10-03,29.040001,28.43,29.219999,26.540001,190137200.0
2018-10-02,30.73,29.02,30.82,28.65,145276500.0
2018-10-01,30.690001,31.42,31.91,30.25,94742900.0
2018-09-28,32.240002,30.889999,32.779999,29.98,165453500.0
2018-09-27,31.860001,32.59,32.630001,31.389999,87934400.0
2018-09-26,32.400002,32.189999,32.599998,31.719999,79347300.0
2018-09-25,33.18,32.57,33.599998,32.189999,118570200.0
2018-09-24,31.129999,32.610001,32.650002,30.91,118332600.0
2018-09-21,31.190001,31.02,32.419998,30.91,129792900.0
2018-09-20,32.099998,31.18,32.200001,30.639999,123116500.0
2018-09-19,31.52,31.209999,31.83,30.51,124287000.0
2018-09-18,32.990002,31.93,33.369999,31.200001,176673200.0
2018-09-17,31.75,32.43,33.23,31.6,180410600.0
2018-09-14,31.43,32.720001,33.09,30.540001,217762800.0
2018-09-13,33.16,30.48,34.139999,29.870001,304147100.0
2018-09-12,29.91,32.209999,32.290001,29.450001,197889600.0
2018-09-11,30.02,30.1,30.59,29.370001,159902500.0
2018-09-10,28.15,29.889999,29.93,27.84,162253800.0
2018-09-07,26.959999,27.379999,28.27,26.799999,123348700.0
2018-09-06,28.120001,27.84,28.58,27.190001,143942900.0
2018-09-05,29.41,28.51,29.940001,26.84,257349000.0
2018-09-04,25.620001,28.059999,28.110001,25.57,192541300.0
2018-08-31,24.889999,25.17,25.24,24.719999,65206400.0
2018-08-30,25.290001,24.889999,25.67,24.76,103607300.0
2018-08-29,24.360001,25.200001,25.41,24.01,143223200.0
2018-08-28,25.51,25.049999,26.18,24.040001,215771200.0
2018-08-27,24.940001,25.26,27.299999,24.629999,325058400.0
2018-08-24,22.91,23.98,24.0,22.67,164328200.0
2018-08-23,21.190001,22.290001,22.32,21.139999,113444100.0
2018-08-22,20.280001,20.9,20.92,20.209999,62002700.0
2018-08-21,19.98,20.4,20.42,19.860001,55629000.0
2018-08-20,19.790001,19.98,20.08,19.35,62983200.0
2018-08-17,19.120001,19.77,19.82,18.73,60616600.0
2018-08-16,19.860001,19.33,20.07,19.25,69733700.0
2018-08-15,19.860001,19.700001,20.1,19.200001,86355700.0
2018-08-14,19.969999,20.02,20.280001,19.629999,89195500.0
2018-08-13,19.16,19.73,19.93,19.120001,81411300.0
2018-08-10,19.09,19.059999,19.48,18.85,65821100.0
2018-08-09,19.58,19.1,19.709999,19.08,46653400.0
2018-08-08,19.459999,19.58,19.77,19.26,52081400.0
2018-08-07,19.530001,19.559999,19.709999,19.08,72822600.0
2018-08-06,18.889999,19.43,19.440001,18.459999,83579700.0
2018-08-03,18.940001,18.49,19.059999,18.370001,53232100.0
2018-08-02,18.17,18.790001,18.83,18.0,52867100.0
2018-08-01,18.34,18.48,18.950001,18.32,75495200.0
2018-07-31,19.35,18.33,19.5,18.27,118403400.0
2018-07-30,19.4,19.42,20.18,19.309999,160823400.0
2018-07-27,19.07,18.940001,19.879999,18.309999,161903800.0
2018-07-26,17.16,18.35,18.450001,16.83,192661100.0
2018-07-25,16.299999,16.049999,16.389999,15.72,82604900.0
2018-07-24,16.75,16.190001,16.860001,16.110001,58201500.0
2018-07-23,16.469999,16.66,16.68,15.9,44940800.0
2018-07-20,16.66,16.5,16.879999,16.440001,42879800.0
2018-07-19,16.709999,16.709999,16.879999,16.549999,41267800.0
2018-07-18,16.940001,16.85,16.99,16.549999,40881500.0
2018-07-17,16.5,16.870001,16.879999,16.48,42313500.0
2018-07-16,16.42,16.58,17.0,16.41,65275300.0
2018-07-13,16.68,16.27,16.690001,16.219999,40614100.0
2018-07-12,16.41,16.559999,16.790001,16.379999,44188100.0
2018-07-11,16.15,16.27,16.530001,16.02,42544100.0
2018-07-10,16.59,16.549999,16.65,16.309999,37093000.0
2018-07-09,16.73,16.610001,16.84,16.17,58525500.0
2018-07-06,15.52,16.360001,16.389999,15.48,65101700.0
2018-07-05,15.13,15.5,15.5,15.02,40703300.0
2018-07-03,15.21,15.0,15.34,14.96,32094000.0
2018-07-02,14.8,15.16,15.18,14.74,43398800.0
2018-06-29,15.41,14.99,15.49,14.98,41527800.0
2018-06-28,14.85,15.31,15.36,14.75,48716800.0
2018-06-27,15.65,14.97,15.76,14.96,56014300.0
2018-06-26,15.32,15.5,15.6,15.1,54213500.0
2018-06-25,15.64,15.11,15.74,14.54,94418400.0
2018-06-22,15.78,15.8,15.91,15.56,59257100.0
2018-06-21,16.65,15.65,16.870001,15.46,95638400.0
2018-06-20,16.83,16.52,17.129999,16.370001,76280600.0
2018-06-19,16.85,16.690001,17.290001,16.309999,92542900.0
2018-06-18,16.18,17.110001,17.34,16.129999,104317400.0
2018-06-15,16.059999,16.34,16.52,15.82,77612200.0
2018-06-14,16.620001,16.25,16.790001,15.58,113048600.0
2018-06-13,15.81,16.32,16.52,15.78,90227300.0
2018-06-12,15.84,15.85,15.95,15.43,67002600.0
2018-06-11,15.21,15.73,15.89,15.01,80737600.0
2018-06-08,14.52,15.25,15.33,14.31,81930500.0
2018-06-07,15.83,14.89,15.97,14.85,99860300.0
2018-06-06,15.07,15.67,15.74,15.04,97089000.0
2018-06-05,14.85,14.85,14.92,14.63,56122700.0
2018-06-04,14.76,14.85,14.98,14.52,74546000.0
2018-06-01,13.98,14.4,14.4,13.92,71677900.0
2018-05-31,13.74,13.73,13.93,13.69,46797700.0
2018-05-30,13.48,13.82,13.95,13.48,58186400.0
2018-05-29,13.45,13.36,13.63,13.26,39578500.0
2018-05-25,13.4,13.54,13.72,13.36,43850100.0
2018-05-24,13.06,13.41,13.43,13.03,47785700.0
2018-05-23,12.93,13.1,13.18,12.9,44517800.0
2018-05-22,13.0,12.98,13.14,12.71,43267000.0
2018-05-21,13.25,12.99,13.31,12.88,49714200.0
2018-05-18,13.06,13.0,13.26,12.91,54063400.0
2018-05-17,12.79,12.82,12.9,12.66,38692500.0
2018-05-16,12.64,12.82,12.98,12.62,73364000.0
2018-05-15,12.18,12.45,12.46,12.16,44183200.0
2018-05-14,12.14,12.23,12.36,12.11,50263800.0
2018-05-11,11.89,11.95,12.03,11.69,43863700.0
2018-05-10,11.98,12.13,12.18,11.95,49744500.0
2018-05-09,11.65,11.95,11.98,11.57,49605700.0
2018-05-08,11.49,11.61,11.66,11.4,35218400.0
2018-05-07,11.32,11.59,11.68,11.3,54001700.0
2018-05-04,10.88,11.28,11.29,10.87,47884900.0
2018-05-03,10.9,10.93,11.06,10.83,33310600.0
2018-05-02,11.1,10.97,11.16,10.97,29267300.0
2018-05-01,10.83,11.13,11.15,10.77,43441600.0
